SECTION, KEYWORD, DESCRIPTION
code.blocks                                   ,   block.case_if                  ,    conditional case statement                                                                                                    
code.blocks                                   ,   block.catch                    ,    catch block                                                                                                                   
code.blocks                                   ,   block.die                      ,    how to terminate a process with error message                                                                                 
code.blocks                                   ,   block.else                     ,    else statement                                                                                                                
code.blocks                                   ,   block.else_if                  ,    elseif statement                                                                                                              
code.blocks                                   ,   block.finally                  ,    finally block                                                                                                                 
code.blocks                                   ,   block.if                       ,    if statement                                                                                                                  
code.blocks                                   ,   block.pause                    ,    how to pause the process                                                                                                      
code.blocks                                   ,   block.qmark_if                 ,    ternary qmark question mark conditional if statement                                                                          
code.blocks                                   ,   block.quit                     ,    how to terminate a process                                                                                                    
code.blocks                                   ,   block.switch                   ,    switch statement                                                                                                              
code.blocks                                   ,   block.try                      ,    try block                                                                                                                     
code.blocks                                   ,   block.try_catch                ,    a simple try-catch block                                                                                                      
code.comments                                 ,   codecmmt.beginend              ,    a generic begin-end multiline comment region                                                                                  
code.comments                                 ,   codecmmt.docgen                ,    docgen tag                                                                                                                    
code.comments                                 ,   codecmmt.multi                 ,    multi-line cmmt                                                                                                               
code.comments                                 ,   codecmmt.single                ,    single-line cmmt                                                                                                              
code.comments                                 ,   codecmmt.xregion               ,    my_generic_region tag                                                                                                         
debugging.operations                          ,   codedebug.log                  ,    logging errors and program info to a log file                                                                                 
debugging.operations                          ,   codedebug.test                 ,    if statement used for debugging or example                                                                                    
basic.code.structure            ,   codeelem.block                 ,    bare code block                                                                                                               
basic.code.structure            ,   codeelem.end_code              ,    end code                                                                                                                      
basic.code.structure            ,   codeelem.init_code             ,    init code                                                                                                                     
basic.code.structure            ,   codeelem.init_lib              ,    init library                                                                                                                  
basic.code.structure            ,   codeelem.init_vars             ,    init vars                                                                                                                     
basic.code.structure            ,   codeelem.line_contin           ,    line continuation for putting a newline in the middle of a statement (language dependent)                                     
basic.code.structure            ,   codeelem.line_termin           ,    line termination character (e.g. semicolon) for langages that require it                                                      
basic.code.structure            ,   codeelem.named_block           ,    named code block                                                                                                              
basic.code.structure            ,   codeelem.new_doc               ,    a new document                                                                                                                
basic.code.structure            ,   codeelem.new_footer            ,    a new footer within a document page                                                                                           
basic.code.structure            ,   codeelem.new_header            ,    a new header within a document page                                                                                           
basic.code.structure            ,   codeelem.new_lib               ,    a new document as a library module (arbitrary defn of what constitutes a module)                                              
basic.code.structure            ,   codeelem.new_page              ,    a new page within a document (arbitrary defn of what constitutes a page)                                                      
basic.code.structure            ,   codeelem.new_rec               ,    a new record entry                                                                                                            
looping.structures                            ,   codeloop.arr                   ,    loop over an array                                                                                                            
looping.structures                            ,   codeloop.dic                   ,    enumerate or iterate over a the keys and values in a dictt                                                                    
looping.structures                            ,   codeloop.dir                   ,    loop over items in a directory                                                                                                
looping.structures                            ,   codeloop.foreach               ,    for bar in foo                                                                                                                
looping.structures                            ,   codeloop.whilevar              ,    while loop with a variable                                                                                                    
looping.structures                            ,   codeloop.forvar                ,    old c-style loop( for icc=0; icc ~ foo.length; icc++ )                                                                        
looping.structures                            ,   codeloop.last                  ,    loop control final iteration                                                                                                  
looping.structures                            ,   codeloop.modify_in_place       ,    loop over an array (or iterable) and modify the elements in place                                                             
looping.structures                            ,   codeloop.next                  ,    loop control -- skip to the next iteration                                                                                      
looping.structures                            ,   codeloop.rows                  ,    loop over rows in a SimpleTable                                                                                               
looping.structures                            ,   codeloop.while                 ,    while statement                                                                                                               
metadata                                      ,   codemeta.args                  ,    command line arguments passed into current script                                                                             
metadata                                      ,   codemeta.current_os            ,    get the current operating system that we are running under                                                                    
metadata                                      ,   codemeta.docs_class            ,    self-documenting class                                                                                                        
metadata                                      ,   codemeta.docs_func             ,    self-documenting functions                                                                                                    
metadata                                      ,   codemeta.docs_funcparam        ,    self-documenting function parameters                                                                                          
metadata                                      ,   codemeta.docs_meth             ,    self-documenting methods                                                                                                      
metadata                                      ,   codemeta.docs_methname         ,    return the name of the currently running method                                                                               
metadata                                      ,   codemeta.docs_methparam        ,    self-documenting method parameters                                                                                            
metadata                                      ,   codemeta.nameismain            ,    determine if source file is the current 'main' namespace [websearch://python main trick]                                      
metadata                                      ,   codemeta.newdoc                ,    a starting template for a new file in this language                                                                           
metadata                                      ,   codemeta.quick_docs            ,    help facility for language constructs                                                                                         
metadata                                      ,   codemeta.source_line           ,    the current line in the current source file                                                                                   
metadata                                      ,   codemeta.source_path           ,    the full path of the current source file                                                                                      
currently.running.script.path                 ,   codemeta.source_pdir           ,    the parent directory of the current source file (NOT path of calling file that uses include or require)                       
currently.running.script.path                 ,   codemeta.version               ,    the language version of the current script or language interpreter                                                            
source.code.regions                           ,   coderegion.details             ,    worksheet of an xregion metadata island                                                                                       
source.code.regions                           ,   coderegion.file_info           ,    file info metadata island                                                                                                     
source.code.regions                           ,   coderegion.generator           ,    worksheet of an xregion metadata island                                                                                       
source.code.regions                           ,   coderegion.main                ,    worksheet of an xregion metadata island                                                                                       
source.code.regions                           ,   coderegion.see_also            ,    worksheet of an xregion metadata island                                                                                       
console.operations                            ,   console.print                  ,    print to console                                                                                                              
console.operations                            ,   console.printf                 ,    formatted print to console                                                                                                    
console.operations                            ,   console.println                ,    print to console with newline                                                                                                 
data.definitions.and.schemas                  ,   datadef.aoh                    ,    just like perldsc AoH                                                                                                         
data.definitions.and.schemas                  ,   datadef.1yamlrec               ,    small yaml syntax                                                                                                             
data.definitions.and.schemas                  ,   datadef.2yamlrec               ,    med yaml syntax                                                                                                               
data.definitions.and.schemas                  ,   datadef.3yamlrec               ,    big yaml syntax                                                                                                               
data.definitions.and.schemas                  ,   datadef.newtable               ,    a new ReallySimpleData table                                                                                                  
data.definitions.and.schemas                  ,   datadef.newwkbk                ,    a new ReallySimpleData wkbk                                                                                                   
data.definitions.and.schemas                  ,   datadef.newwksheet             ,    a new ReallySimpleData wksheet                                                                                                
data.definitions.and.schemas                  ,   datadef.nvp                    ,    SimpleNameValuePair                                                                                                           
data.definitions.and.schemas                  ,   datadef.simplerec              ,    SimpleRecord                                                                                                                  
data.definitions.and.schemas                  ,   datadef.simpletable            ,    create a SimpleTable structure similar to perl AoH                                                                            
data.definitions.and.schemas                  ,   datadef.simpletable_iv         ,    create a SimpleTable structure similar to perl AoA (IV = IndexedValues)                                                       
data.definitions.and.schemas                  ,   datadef.yamlrec                ,    SimpleRecord yaml syntax                                                                                                      
data.processing.operations                    ,   datamunge.json_munge           ,    dump a variable out to json and load it back in from json                                                                     
data.processing.operations                    ,   datamunge.dec_base_64          ,    decode base64 format                                                                                                          
data.processing.operations                    ,   datamunge.dec_htmlent          ,    decode HTMLEnt format                                                                                                         
data.processing.operations                    ,   datamunge.dec_jscript          ,    decode jscript_url_style escaping                                                                                             
data.processing.operations                    ,   datamunge.dec_rot_13           ,    decode rot13 format                                                                                                           
data.processing.operations                    ,   datamunge.enc_base_64          ,    encode base64 format                                                                                                          
data.processing.operations                    ,   datamunge.enc_htmlent          ,    encode HTMLEnt format                                                                                                         
data.processing.operations                    ,   datamunge.enc_jscript          ,    encode jscript_url_style escaping                                                                                             
data.processing.operations                    ,   datamunge.enc_rot_13           ,    encode rot13 format                                                                                                           
date.and.time.operations                      ,   datetime.2date_fmt             ,    specify a string like Fri Sep 9 13.46.58 2005 (perl localtime() in scalar context)                                            
date.and.time.operations                      ,   datetime.date                  ,    current system Date of the Month                                                                                              
date.and.time.operations                      ,   datetime.datem                 ,    specify a string like Fri 2005-08-26 13.23.03 (preferred)                                                                     
date.and.time.operations                      ,   datetime.day_of_week           ,    current system Day of the week                                                                                                
date.and.time.operations                      ,   datetime.month                 ,    current system Month                                                                                                          
date.and.time.operations                      ,   datetime.now                   ,    current system time and date                                                                                                  
date.and.time.operations                      ,   datetime.time_millisec         ,    return the current time with millisecond accuracy (for timestamps)                                                            
date.and.time.operations                      ,   datetime.year                  ,    current system Year                                                                                                           
error.trapping.and.exceptions                 ,   error.arr_bounds               ,    array index out of range                                                                                                      
error.trapping.and.exceptions                 ,   error.dict_keyex               ,    dictionary key does not exist                                                                                                 
error.trapping.and.exceptions                 ,   error.warnings                 ,    enable or disable warnings                                                                                                    
filesystem.operations                         ,   filesys.basename               ,    get file basename from path                                                                                                   
filesystem.operations                         ,   filesys.copy                   ,    Copy a file or directory                                                                                                      
filesystem.operations                         ,   filesys.delete                 ,    Delete a file or directory                                                                                                    
filesystem.operations                         ,   filesys.deltree                ,    delete a directory tree                                                                                                       
filesystem.operations                         ,   filesys.dir_exists             ,    true if a directory exists                                                                                                    
filesystem.operations                         ,   filesys.exten                  ,    get file extension from full path                                                                                             
filesystem.operations                         ,   filesys.file_exists            ,    true if a file exists                                                                                                         
filesystem.operations                         ,   filesys.file_size              ,    return file size as an integer (usu in bytes)                                                                                 
filesystem.operations                         ,   filesys.loop_dir               ,    loop over files within a directory                                                                                            
filesystem.operations                         ,   filesys.loop_tree              ,    recursively iterate files within a directory tree                                                                             
filesystem.operations                         ,   filesys.mkpath                 ,    create directory even if there is more than one missing pathstep                                                              
filesystem.operations                         ,   filesys.move                   ,    Move a file or directory                                                                                                      
filesystem.operations                         ,   filesys.parent_dir             ,    get file parent dir from a full path                                                                                          
filesystem.operations                         ,   filesys.rename                 ,    Rename a file or directory                                                                                                    
function.arguments                            ,   funcarg.arg_array              ,    specify an array that holds multiple args                                                                                     
function.arguments                            ,   funcarg.arr                    ,    array declare a function argument                                                                                             
function.arguments                            ,   funcarg.boo                    ,    boolean declare a function argument                                                                                           
function.arguments                            ,   funcarg.defval                 ,    specify function parameters argument default value                                                                            
function.arguments                            ,   funcarg.int                    ,    integer declare a function argument                                                                                           
function.arguments                            ,   funcarg.obj                    ,    object declare a function argument                                                                                            
function.arguments                            ,   funcarg.opt_arg                ,    specify an optional parameter                                                                                                 
function.arguments                            ,   funcarg.passfunc               ,    pass a function as an argument                                                                                                
function.arguments                            ,   funcarg.passobj                ,    pass an object or dictionary that holds multiple args                                                                         
function.arguments                            ,   funcarg.req_arg                ,    specify a required parameter                                                                                                  
function.arguments                            ,   funcarg.str                    ,    string declare a function argument                                                                                            
function.definitions                          ,   funcdef.1func                  ,    sml syntax declare a function                                                                                                 
function.definitions                          ,   funcdef.1meth                  ,    sml syntax declare a oop_method                                                                                               
function.definitions                          ,   funcdef.2func                  ,    med syntax declare a function                                                                                                 
function.definitions                          ,   funcdef.2meth                  ,    med syntax declare a oop_method                                                                                               
function.definitions                          ,   funcdef.3func                  ,    big syntax declare a function                                                                                                 
function.definitions                          ,   funcdef.3meth                  ,    big syntax declare a oop_method                                                                                               
function.definitions                          ,   funcdef.closure                ,    function as full-fledged closure                                                                                              
function.definitions                          ,   funcdef.funcdef                ,    psu funcdef template                                                                                                          
function.definitions                          ,   funcdef.funcdsp                ,    function DspTemplate                                                                                                          
function.definitions                          ,   funcdef.funcmeta               ,    attach arbitrary metadata to a function                                                                                       
function.definitions                          ,   funcdef.lambda                 ,    function as python-lambda-style expression                                                                                    
basic.GUI.display                             ,   guidsp.alert                   ,    GuiAlert(sPrompt) alert box with ok button                                                                                    
basic.GUI.display                             ,   guidsp.button                  ,    generic pushbutton control                                                                                                    
basic.GUI.display                             ,   guidsp.checkbox                ,    generic checkbox control same as html//inputCheckbox                                                                          
basic.GUI.display                             ,   guidsp.combo_box               ,    same as html//Select execept user can also supply a value                                                                     
basic.GUI.display                             ,   guidsp.date_time               ,    A box that looks like a single-line edit control but instead accepts a date and/or time. A drop-down calendar is also provided
basic.GUI.display                             ,   guidsp.edit                    ,    same as html//textarea                                                                                                        
basic.GUI.display                             ,   guidsp.grid                    ,    grid and list control                                                                                                         
basic.GUI.display                             ,   guidsp.group_box               ,    A rectangular border/frame                                                                                                    
basic.GUI.display                             ,   guidsp.hotkey                  ,    A box that looks like a single-line edit control but instead accepts a keyboard combination pressed by the user               
basic.GUI.display                             ,   guidsp.input_box               ,    strVal = GuiInput(sPrompt                                                                                                     
basic.GUI.display                             ,   guidsp.month_cal               ,    A relatively tall control that displays all the days of the month in calendar format                                          
basic.GUI.display                             ,   guidsp.pass                    ,    simple input box for password same as html//inputPassword                                                                     
basic.GUI.display                             ,   guidsp.picture                 ,    an area containing a picture                                                                                                  
basic.GUI.display                             ,   guidsp.progress                ,    progress bar                                                                                                                  
basic.GUI.display                             ,   guidsp.radio                   ,    generic radio button same as html//inputRadio                                                                                 
basic.GUI.display                             ,   guidsp.range                   ,    up-down arrows to toggle through a range of integers                                                                          
basic.GUI.display                             ,   guidsp.rich_edit               ,    rich edit textbox with formatting                                                                                             
basic.GUI.display                             ,   guidsp.select                  ,    same as html//Select                                                                                                          
basic.GUI.display                             ,   guidsp.select_multi            ,    same as html//Select with multiple='true'                                                                                     
basic.GUI.display                             ,   guidsp.slider                  ,    A sliding bar that the user can move along a vertical or horizontal track                                                     
basic.GUI.display                             ,   guidsp.tab                     ,    control containing multiple pages                                                                                             
basic.GUI.display                             ,   guidsp.text                    ,    simple input box for text same as html//inputText                                                                             
GUI.windows                                   ,   guiwin.center                  ,    center a window relative to the desktop (or parent window)                                                                    
GUI.windows                                   ,   guiwin.coords                  ,    specify the position of a window relative to the desktop (or parent window)                                                   
interoperability                              ,   interop.alt_interop            ,    different alternatives for interop                                                                                            
interoperability                              ,   interop.com_object             ,    how to instantiante a msft OLE COM object                                                                                     
interoperability                              ,   interop.shell_run              ,    run an external program e.g. ShellRun('notepad.exe') as a separate process                                                    
interoperability                              ,   interop.shell_runwait          ,    run external program and wait for it to finish                                                                                
code.libraries.and.addons                     ,   lib.include_lib                ,    include a library file                                                                                                        
code.libraries.and.addons                     ,   lib.include_once               ,    include a library file once                                                                                                   
OOP.classes                                   ,   oopclass.class_constructor     ,    constructor method of a class                                                                                                 
OOP.classes                                   ,   oopclass.new_class             ,    a new OOP class                                                                                                               
OOP.classes                                   ,   oopclass.reflect_classname     ,    get the name of a class from within the class itself                                                                          
OOP.methods                                   ,   oopmeth.alias                  ,    create an alias name for an oop method                                                                                        
OOP.methods                                   ,   oopmeth.filter                 ,    iterate through the names of all selected methods of a class based on any criteria                                            
OOP.methods                                   ,   oopmeth.instance               ,    declare an instance method in a class                                                                                         
OOP.methods                                   ,   oopmeth.invokeoperator         ,    the symbol used as the method invocation operator                                                                             
OOP.methods                                   ,   oopmeth.multilevel             ,    declare and use a nested method (e.g.; mymap.delaware.dover.getpopulation() )                                                 
OOP.methods                                   ,   oopmeth.reflect                ,    iterate through the names of all methods of a class                                                                           
OOP.methods                                   ,   oopmeth.static                 ,    declare a static method in a class                                                                                            
OOP.methods                                   ,   oopmeth.symbolic               ,    call an oop method using a scalar for the methodname                                                                          
OOP.objects                                   ,   oopobj.new_instance            ,    A new OOP plain object. Create an object (aka instance of a class).                                                           
OOP.references                                ,   oopref.symbolic                ,    instantiate an object from an oop class using a scalar for the classname (without using string eval)                          
regular.expressions      ,   regex.22_notation              ,    specify notation for individual characters char                                                                               
regular.expressions      ,   regex.backref                  ,    RegEx memorizing capture register inside match-region or substitute-region                                                    
regular.expressions      ,   regex.basic_syntax             ,    RegEx basic syntax basic_ops                                                                                                  
regular.expressions      ,   regex.capture                  ,    specify a capturing match register                                                                                            
regular.expressions      ,   regex.match                    ,    RegEx match operation                                                                                                         
regular.expressions      ,   regex.noncapture               ,    specify a non-capturing grouping match register                                                                               
regular.expressions      ,   regex.replace                  ,    RegEx replace operation                                                                                                       
SQL.concepts ,   sqldata.bulk_insert            ,    populate a sql table using a text file as the raw data                                                                        
formatting.strings.escape   ,   strdsp.esc_bs1                 ,    note regex22 is better                                                                                                        
formatting.strings.escape   ,   strdsp.esc_bs2                 ,    note regex22 is better                                                                                                        
formatting.strings.escape   ,   strdsp.esc_qq1                 ,    note regex22 is better                                                                                                        
formatting.strings.escape   ,   strdsp.esc_qq2                 ,    note regex22 is better                                                                                                        
formatting.strings.here   ,   strdsp.here_doc                ,    specify multi-line string inside code like a perl heredoc                                                                     
formatting.strings.here   ,   strdsp.here_func               ,    heredoc function                                                                                                              
formatting.strings.here   ,   strdsp.here_str                ,    string in variable                                                                                                            
formatting.strings.here   ,   strdsp.here_var                ,    interpolated variable inside string                                                                                           
formatting.strings.here   ,   strdsp.heredoc_indent          ,    heredoc indented along with the rest of the code                                                                              
formatting.strings.code   ,   strdsp.interpo                 ,    specify a string variable with possible interpolation                                                                         
formatting.strings.code   ,   strdsp.number_format           ,    pretty-format a number for locale or data display                                                                             
formatting.strings.code   ,   strdsp.printf                  ,    specify a string variable with special formatting options                                                                     
formatting.strings.code   ,   strdsp.skeleton_fill           ,    fill in the content of a SimpleTemplate                                                                                       
formatting.strings.code   ,   strdsp.verbatim                ,    specify a string variable with NO interpolation                                                                               
reserved.for.later.use                        ,   system.timeout                 ,    throw an exception or terminate process if it is taking too long                                                              
templating                                    ,   template.delim                 ,    specify the syntax for template delimiter                                                                                     
templating                                    ,   template.valueof               ,    value output for template style programming                                                                                   
data.validation                               ,   valid.file_exist               ,    true if a file exists in the filesystem                                                                                       
data.validation                               ,   valid.file_not_exist           ,    true if a file does not exist in the filesystem                                                                               
data.validation                               ,   valid.is_numeric               ,    expression evaluates to a number                                                                                              
data.validation                               ,   valid.is_string                ,    expression evaluates to a string                                                                                              
data.validation                               ,   valid.is_true                  ,    expression evaluates to truth value                                                                                           
variable.declaration                          ,   vardec.myarr                   ,    quickly declare array                                                                                                         
variable.declaration                          ,   vardec.myboo                   ,    quickly declare boolean                                                                                                       
variable.declaration                          ,   vardec.mydic                   ,    quickly declare dictionary                                                                                                    
variable.declaration                          ,   vardec.myint                   ,    quickly declare integer                                                                                                       
variable.declaration                          ,   vardec.myobj                   ,    quickly declare object                                                                                                        
variable.declaration                          ,   vardec.mystr                   ,    quickly declare string                                                                                                        
variable.declaration                          ,   vardec.null                    ,    represent a null value in source                                                                                              
working.with.variables                        ,   varops.array_assign            ,    assign a value to Array                                                                                                       
working.with.variables                        ,   varops.array_decl              ,    declare Array                                                                                                                 
working.with.variables                        ,   varops.array_init              ,    initialize Array                                                                                                              
working.with.variables                        ,   varops.composite_defn          ,    define a composite variable (e.g.; like with perl data structure cookbook)                                                    
working.with.variables                        ,   varops.composite_manip         ,    manipulate a composite variable (e.g. sort; search filter view add edit delete)                                               
working.with.variables                        ,   varops.dumper                  ,    dump variable contents like with perl DataDumper                                                                              
working.with.variables                        ,   varops.object_assign           ,    assign a value to Object                                                                                                      
working.with.variables                        ,   varops.object_decl             ,    declare Object                                                                                                                
working.with.variables                        ,   varops.object_dupe_byref       ,    shallow copy and duplicate an object or nested variable by reference                                                          
working.with.variables                        ,   varops.object_dupe_byval       ,    copy and duplicate an object or nested variable by value                                                                      
working.with.variables                        ,   varops.object_init             ,    initialize Object                                                                                                             
working.with.variables                        ,   varops.scalar_assign           ,    assign a value to a scalar                                                                                                    
working.with.variables                        ,   varops.scalar_decl             ,    declare a scalar                                                                                                              
working.with.variables                        ,   varops.scalar_init             ,    initialize a scalar                                                                                                           
working.with.variables                        ,   varops.typecast                ,    convert the native type of a variable into another type                                                                       
working.with.variables                        ,   varops.vartype                 ,    get the native type of a variable                                                                                             
web.and.http                                  ,   webhttp.htinclude              ,    transclusion include one page or page fragment into another                                                                   
web.and.http                                  ,   webhttp.cflocation             ,    redirect to a new page like coldfusion cflocation                                                                             
web.and.http                                  ,   webhttp.cgi_referrer           ,    client referrer url                                                                                                           
web.and.http                                  ,   webhttp.cgi_remoteaddr         ,    client IP address                                                                                                             
web.and.http                                  ,   webhttp.server_get             ,    grab a web page from another site using serverside code                                                                       
core_concept.array                            ,   core_arrayop.append            ,   (aka array_push) insert a single-element at the highest index. array treated as a single nested element                        
core_concept.array                            ,   core_arrayop.basic_syntax      ,   basic array syntax                                                                                                             
core_concept.array                            ,   core_arrayop.count             ,   return the total number of elements in an array                                                                                
core_concept.array                            ,   core_arrayop.delete_at         ,   delete an array element                                                                                                        
core_concept.array                            ,   core_arrayop.dim               ,   init array to N elements                                                                                                       
core_concept.array                            ,   core_arrayop.extend            ,   append multiple elements at the highest index. array is flattened into individual elements.                                    
core_concept.array                            ,   core_arrayop.find              ,   return true if element found in list                                                                                           
core_concept.array                            ,   core_arrayop.get_baseindex     ,   get the base index for the first element in all arrays                                                                         
core_concept.array                            ,   core_arrayop.join              ,   return a string from joined array elements                                                                                     
core_concept.array                            ,   core_arrayop.last_index        ,   return the index of last element in an array (note that len does not necc eq maxindex)                                         
core_concept.array                            ,   core_arrayop.listfind_nocase   ,   return one or more element found in a list as list                                                                             
core_concept.array                            ,   core_arrayop.map               ,   one or more element found in an array as array                                                                                 
core_concept.array                            ,   core_arrayop.map_index         ,   just like map but also include array index                                                                                     
core_concept.array                            ,   core_arrayop.max               ,   return the index of the element with the maximum value                                                                         
core_concept.array                            ,   core_arrayop.min               ,   return the index of the element with the minimum value                                                                         
core_concept.array                            ,   core_arrayop.modulo            ,   return array elements modulo N (skip elements)                                                                                 
core_concept.array                            ,   core_arrayop.new               ,   create a new array                                                                                                             
core_concept.array                            ,   core_arrayop.prepend           ,   insert element at the lowest index                                                                                             
core_concept.array                            ,   core_arrayop.range             ,   return a range of countables from x to y                                                                                       
core_concept.array                            ,   core_arrayop.reorder           ,   reorder certain elements of an array while leaving the order of the remaining elements indeterminate                           
core_concept.array                            ,   core_arrayop.reverse           ,   reverse the elements in an array                                                                                               
core_concept.array                            ,   core_arrayop.select            ,   return one or more element found in an array as array                                                                          
core_concept.array                            ,   core_arrayop.set_baseindex     ,   get or set the default base index for all arrays                                                                               
core_concept.array                            ,   core_arrayop.slice             ,   return a slice (subsection) of elements from the array as another array                                                        
core_concept.array                            ,   core_arrayop.sort              ,   array sort                                                                                                                     
core_concept.array                            ,   core_arrayop.unappend          ,   remove and return element at the highest index                                                                                 
core_concept.array                            ,   core_arrayop.unique            ,   remove duplicate elements from array and return the unique elements as an array                                                
core_concept.array                            ,   core_arrayop.unprepend         ,   remove and return element at the lowest index                                                                                  
core_concept.array                            ,   core_arrayop.zip               ,   combine the elements from two arrays together in alternating order                                                             
core_concept.character                        ,   core_chrop.ascii_range         ,   output a range of ascii characters                                                                                             
core_concept.character                        ,   core_chrop.char_to_code        ,   specify a character and get back the corresponding character code (ASCII only)                                                 
core_concept.character                        ,   core_chrop.code_to_char        ,   specify a char code and get back the corresponding character (ASCII only)                                                      
core_concept.character                        ,   core_chrop.newline_char        ,   specify a newline in a string                                                                                                  
core_concept.character                        ,   core_chrop.section_char        ,   specify a section char (windows alt+0167)                                                                                      
core_concept.character                        ,   core_chrop.tab_char            ,   tab char in a string                                                                                                           
core_concept.dictionary                       ,   core_dictionaryop.addkey       ,   add a new key to the dictt                                                                                                     
core_concept.dictionary                       ,   core_dictionaryop.dropkeys     ,   delete multiple key-value pairs from dictt                                                                                     
core_concept.dictionary                       ,   core_dictionaryop.each         ,   enumerate the name-value pairs in a dictt                                                                                      
core_concept.dictionary                       ,   core_dictionaryop.haskey       ,   return true if a specific key exists in the dictt                                                                              
core_concept.dictionary                       ,   core_dictionaryop.haskeys      ,   count the total number of keys or return true if the dictt has any keys                                                        
core_concept.dictionary                       ,   core_dictionaryop.hasvalue     ,   return true if a specific value exists in the dictt                                                                            
core_concept.dictionary                       ,   core_dictionaryop.keepkeys     ,   delete multiple key-value pairs from dictt keep only those supplied in a list.                                                 
core_concept.dictionary                       ,   core_dictionaryop.keys         ,   enumerate or iterate the keys in a dictt                                                                                       
core_concept.dictionary                       ,   core_dictionaryop.addmerge     ,   merge pairs from addon_dictt into starter_dictt; dont let blank addon_dictt overwrite nonblank starter_dictt                   
core_concept.dictionary                       ,   core_dictionaryop.merge        ,   merge key value pairs from one dictt into another to form a combined dictt                                                     
core_concept.dictionary                       ,   core_dictionaryop.modifykeys   ,   modify dictionary keys in place                                                                                                
core_concept.dictionary                       ,   core_dictionaryop.newliteral   ,   create a new dictionary literal                                                                                                
core_concept.dictionary                       ,   core_dictionaryop.bbpair       ,   dictionary with name and keyref                                                                                                
core_concept.dictionary                       ,   core_dictionaryop.removekey    ,   delete a key from the dictt                                                                                                    
core_concept.dictionary                       ,   core_dictionaryop.values       ,   enumerate or iterate over the values in a dictt                                                                                
core_concept.operators                        ,   core_langop.and                ,   Logical_And                                                                                                                    
core_concept.operators                        ,   core_langop.bit_and            ,   Bitwise_And                                                                                                                    
core_concept.operators                        ,   core_langop.bit_left_shift     ,   Bitwise_Leftshift                                                                                                              
core_concept.operators                        ,   core_langop.bit_not            ,   Bitwise_Not                                                                                                                    
core_concept.operators                        ,   core_langop.bit_or             ,   Bitwise_Or                                                                                                                     
core_concept.operators                        ,   core_langop.bit_right_shift    ,   Bitwise_Rightshift                                                                                                             
core_concept.operators                        ,   core_langop.bit_xor            ,   Bitwise_Xor                                                                                                                    
core_concept.operators                        ,   core_langop.compare_op         ,   Overview Of Comparison Operators                                                                                               
core_concept.operators                        ,   core_langop.not                ,   Logical_Not                                                                                                                    
core_concept.mathematics                      ,   core_mathop.bin_to_dec         ,   binary to decimal                                                                                                              
core_concept.mathematics                      ,   core_mathop.compare_between    ,   numeric comparison                                                                                                             
core_concept.mathematics                      ,   core_mathop.compare_gt         ,   numeric comparison greater than                                                                                                
core_concept.mathematics                      ,   core_mathop.compare_lt         ,   numeric comparison less than                                                                                                   
core_concept.mathematics                      ,   core_mathop.cos                ,   cosine                                                                                                                         
core_concept.mathematics                      ,   core_mathop.hex_to_dec         ,   hexadecimal to decimal                                                                                                         
core_concept.mathematics                      ,   core_mathop.min_max            ,   compare values and return the minimum or maximum                                                                               
core_concept.mathematics                      ,   core_mathop.power              ,   compute x to the power of n                                                                                                    
core_concept.mathematics                      ,   core_mathop.randint            ,   generate a random integer                                                                                                      
core_concept.mathematics                      ,   core_mathop.sin                ,   sine                                                                                                                           
core_concept.mathematics                      ,   core_mathop.tan                ,   tangent                                                                                                                        
core_concept.set.operations                   ,   core_setop.add                 ,   add an element to a set                                                                                                        
core_concept.set.operations                   ,   core_setop.difference          ,   new set with elements in s but not in t                                                                                        
core_concept.set.operations                   ,   core_setop.intersect           ,   new set with elements common to s and t                                                                                        
core_concept.set.operations                   ,   core_setop.len                 ,   cardinality of set s                                                                                                           
core_concept.set.operations                   ,   core_setop.member              ,   test x for membership in s                                                                                                     
core_concept.set.operations                   ,   core_setop.nonmember           ,   test x for non-membership in s                                                                                                 
core_concept.set.operations                   ,   core_setop.scopy               ,   new set with a shallow copy of s                                                                                               
core_concept.set.operations                   ,   core_setop.subset              ,   test whether every element in s is in t                                                                                        
core_concept.set.operations                   ,   core_setop.superset            ,   test whether every element in t is in s                                                                                        
core_concept.set.operations                   ,   core_setop.symdiff             ,   new set with elements in either s or t but not both                                                                            
core_concept.set.operations                   ,   core_setop.union               ,   new set with elements from both s and t                                                                                        
core_concept.string.operations                ,   core_stringop.basic_syntax     ,   basic string declaration and string literal syntax                                                                             
core_concept.string.operations                ,   core_stringop.case_lc          ,   lowercase transformation of the string                                                                                         
core_concept.string.operations                ,   core_stringop.case_swap        ,   uppercase characters converted to lowercase and vice versa                                                                     
core_concept.string.operations                ,   core_stringop.case_tc          ,   string with title case transformation of the string                                                                            
core_concept.string.operations                ,   core_stringop.case_togg        ,   toggle between all uppercase and all lowercase                                                                                 
core_concept.string.operations                ,   core_stringop.case_uc          ,   uppercase transformation of the string                                                                                         
core_concept.string.operations                ,   core_stringop.chomp            ,   remove trailing newline                                                                                                        
core_concept.string.operations                ,   core_stringop.concat           ,   the concatenation of arguments                                                                                                 
core_concept.string.operations                ,   core_stringop.concat_nb        ,   the concatenation of arguments if and only if all are non-blank                                                                
core_concept.string.operations                ,   core_stringop.count            ,   count the occurrences of str2 in str1                                                                                          
core_concept.string.operations                ,   core_stringop.csplit           ,   an array with each element consisting of a single character from string                                                        
core_concept.string.operations                ,   core_stringop.dedent           ,   left-justify a multi-line string                                                                                               
core_concept.string.operations                ,   core_stringop.eq               ,   true if two strings are identical                                                                                              
core_concept.string.operations                ,   core_stringop.eq_nocase        ,   true if two strings are identical ( case-insensitive )                                                                         
core_concept.string.operations                ,   core_stringop.find             ,   true if strNeedle matches any substring in strHaystack                                                                         
core_concept.string.operations                ,   core_stringop.find_nocase      ,   true if str1 contains str2 (case-insensitive )                                                                                 
core_concept.string.operations                ,   core_stringop.find_qw          ,   true if sNeedle matches an entire space-delimited word in sHaystack                                                            
core_concept.string.operations                ,   core_stringop.get_region       ,   a subregion of a string enclosed inside TagBeg and TagEnd (tag can be regex or string)                                         
core_concept.string.operations                ,   core_stringop.gsub             ,   regex replace on str1 with str2                                                                                                
core_concept.string.operations                ,   core_stringop.indexof          ,   integer index of sNeedle in sHaystack                                                                                          
core_concept.string.operations                ,   core_stringop.lstrip           ,   trim spaces from a string                                                                                                      
core_concept.string.operations                ,   core_stringop.repeat           ,   repeat a string N times                                                                                                        
core_concept.string.operations                ,   core_stringop.replace          ,   replace on str1 with str2                                                                                                      
core_concept.string.operations                ,   core_stringop.reverse          ,   reverse all characters in the string                                                                                           
core_concept.string.operations                ,   core_stringop.rstrip           ,   trim spaces from a string                                                                                                      
core_concept.string.operations                ,   core_stringop.split            ,   split on a string-delim (or regex-delim) and return array                                                                      
core_concept.string.operations                ,   core_stringop.splitlines       ,   split a string on newlines and return array                                                                                    
core_concept.string.operations                ,   core_stringop.strip            ,   trim spaces from a string                                                                                                      
core_concept.string.operations                ,   core_stringop.substr           ,   a substring of a string                                                                                                        
core_concept.string.operations                ,   core_stringop.ucfirst          ,   string with first letter as uppercase                                                                                          
core_concept.string.operations                ,   core_stringop.wsplit           ,   split on whitespace and return an array                                                                                        
core_concept.table.operations                 ,   core_tableop.delete_col        ,   delete a column from a SimpleTable                                                                                             
core_concept.table.operations                 ,   core_tableop.delete_rec        ,   delete rows                                                                                                                    
core_concept.table.operations                 ,   core_tableop.insert_col        ,   create a new column in a SimpleTable                                                                                           
core_concept.table.operations                 ,   core_tableop.insert_rec        ,   insert a row into a SimpleTable                                                                                                
core_concept.table.operations                 ,   core_tableop.merge             ,   combine two or more tables left to right                                                                                       
core_concept.table.operations                 ,   core_tableop.querymeta         ,   metadata on the last run query                                                                                                 
core_concept.table.operations                 ,   core_tableop.select_col        ,   choose all values from a single column as a list; this is just a variation of arrayop.map                                      
core_concept.table.operations                 ,   core_tableop.select_rec        ,   select rows in the same manner as a SQL SELECT statement                                                                       
core_concept.table.operations                 ,   core_tableop.sort_rec          ,   sort the rows of a SimpleTable                                                                                                 
core_concept.table.operations                 ,   core_tableop.union             ,   combine two or more tables top to bottom (must have the same fieldnames)                                                       
core_concept.table.operations                 ,   core_tableop.update_rec        ,   update rows in the same manner as a SQL UPDATE statement                                                                       
core_concept.text.operations                  ,   core_txtop.lines_fromfile      ,   textfile to array with one line per array element                                                                              
core_concept.text.operations                  ,   core_txtop.splitfile           ,   split a large text file into many smaller files                                                                                
core_concept.text.operations                  ,   core_txtop.str_fromfile        ,   get the entire content of a text file and assign it to a string variable                                                       
core_concept.text.operations                  ,   core_txtop.str_tofile          ,   spit out an entire string to a single text file                                                                                
